name,description,images,brand,price,oldPrice,gender,category,subCategory,countInStock,rating,isFeatured,discount,color,location,additionalInfo,dimensions,sizes,variants,dateCreated
Women's Kerala Kasavu Peacock Embroidery Saree,"Traditional Kerala cotton saree with peacock embroidery","https://img1.jpg|https://img2.jpg|https://img3.jpg",Vignesh Handloom,650,920,WOMEN,SAREE,KERALA SAREE,10,4.5,true,30,#fffdf6,All,"Pure cotton with peacock embroidery","Saree: 5.5m, Blouse: 0.8m","Free Size","Peacock",2025-08-23
Golden Tissue Mural Print Saree,"Kerala mural printed golden tissue saree","https://img1.jpg|https://img2.jpg",Vignesh Handloom,1200,2000,WOMEN,SAREE,KERALA SAREE,5,5,true,40,#ffe97d,All,"Cotton tissue with zari","6 yards","Free Size","Mural",2025-08-23
Men's Cotton Dhoti 4m,"Traditional cotton dhoti for temple wear","https://img1.jpg|https://img2.jpg",Vignesh Handloom,400,550,MEN,DHOTI,DOUBLE MUNDU,8,4,false,25,#f5f5f5,All,"100% cotton dhoti","4m length","Free Size","Plain",2025-08-26
Jujutsu Kaisen Action Figures Set,"6 pcs anime action figures","https://img1.jpg|https://img2.jpg",Wishlistz,690,1050,UNISEX,TOYS,ACTION FIGURES,10,4,true,35,#cab3a6,All,"PVC collectible figures","9–10 cm","N/A","Itadori|Gojo|Sukuna",2025-08-29
Oversized Anime Printed T-Shirt,"240 GSM premium cotton oversized t-shirt","https://img1.jpg|https://img2.jpg",Wishlistz,649,1000,MEN,TSHIRT,OVERSIZED,15,5,true,34,#000000,All,"DTF printed premium cotton","Oversized fit","M|L|XL|XXL","Anime Print",2025-09-04
